{"stats":{"minecraft:picked_up":{"minecraft:crafting_table":3,"minecraft:stick":1,"minecraft:feather":5,"minecraft:chicken":7,"minecraft:salmon":6,"minecraft:leather":8,"minecraft:wooden_pickaxe":1,"minecraft:porkchop":30,"minecraft:oak_log":102,"minecraft:spider_eye":1,"minecraft:dirt":1,"minecraft:string":6,"minecraft:bone":1,"minecraft:rotten_flesh":7,"minecraft:beef":16,"minecraft:bone_meal":1,"minecraft:rose_bush":1,"minecraft:oak_sapling":3,"minecraft:sugar_cane":2,"minecraft:mutton":4,"minecraft:coal":69,"minecraft:furnace":2,"minecraft:white_wool":3,"minecraft:cobblestone":53,"minecraft:egg":3},"minecraft:dropped":{"minecraft:rotten_flesh":7,"minecraft:wooden_pickaxe":2},"minecraft:killed":{"minecraft:sheep":3,"minecraft:skeleton":2,"minecraft:zombie":6,"minecraft:pig":14,"minecraft:chicken":7,"minecraft:salmon":7,"minecraft:spider":4,"minecraft:cow":8},"minecraft:used":{"minecraft:stone_sword":162,"minecraft:stone_pickaxe":77,"minecraft:wooden_pickaxe":5,"minecraft:stone_axe":119,"minecraft:dirt":1,"minecraft:crafting_table":4,"minecraft:furnace":2,"minecraft:cooked_porkchop":6,"minecraft:cooked_beef":4},"minecraft:custom":{"minecraft:time_since_rest":39036,"minecraft:interact_with_furnace":11,"minecraft:sprint_one_cm":129402,"minecraft:damage_taken":665,"minecraft:walk_one_cm":100407,"minecraft:mob_kills":51,"minecraft:drop":8,"minecraft:damage_dealt":5966,"minecraft:swim_one_cm":13599,"minecraft:interact_with_crafting_table":7,"minecraft:fly_one_cm":100714,"minecraft:play_time":39036,"minecraft:crouch_one_cm":81,"minecraft:sneak_time":152,"minecraft:walk_under_water_one_cm":2250,"minecraft:jump":629,"minecraft:leave_game":4,"minecraft:time_since_death":39036,"minecraft:walk_on_water_one_cm":4818,"minecraft:total_world_time":39036,"minecraft:fall_one_cm":12464},"minecraft:mined":{"minecraft:furnace":2,"minecraft:birch_leaves":2,"minecraft:crafting_table":3,"minecraft:grass":7,"minecraft:coal_ore":26,"minecraft:grass_block":3,"minecraft:oak_log":104,"minecraft:rose_bush":1,"minecraft:stone":54,"minecraft:sugar_cane":1,"minecraft:oak_leaves":28},"minecraft:crafted":{"minecraft:cooked_beef":16,"minecraft:oak_planks":408,"minecraft:cooked_porkchop":10,"minecraft:crafting_table":2,"minecraft:stick":8,"minecraft:wooden_pickaxe":1,"minecraft:stone_pickaxe":1,"minecraft:stone_sword":2,"minecraft:furnace":1,"minecraft:cooked_salmon":6,"minecraft:stone_axe":1,"minecraft:air":0,"minecraft:cooked_mutton":4},"minecraft:broken":{"minecraft:stone_sword":1}},"DataVersion":3465}