{"stats":{"minecraft:custom":{"minecraft:jump":91,"minecraft:time_since_rest":16866,"minecraft:leave_game":1,"minecraft:damage_dealt":23,"minecraft:sprint_one_cm":9439,"minecraft:play_time":16866,"minecraft:damage_taken":110,"minecraft:time_since_death":16866,"minecraft:walk_one_cm":5022,"minecraft:total_world_time":16866,"minecraft:fall_one_cm":2813,"minecraft:fly_one_cm":19231},"minecraft:mined":{"minecraft:spruce_leaves":9,"minecraft:spruce_log":4,"minecraft:powder_snow":15},"minecraft:picked_up":{"minecraft:spruce_log":4}},"DataVersion":3465}