{"stats":{"minecraft:mined":{"minecraft:grass":2},"minecraft:custom":{"minecraft:jump":60,"minecraft:time_since_rest":2473,"minecraft:leave_game":1,"minecraft:sprint_one_cm":5171,"minecraft:play_time":2473,"minecraft:time_since_death":2473,"minecraft:walk_one_cm":2751,"minecraft:sneak_time":32,"minecraft:total_world_time":2473,"minecraft:drop":2,"minecraft:fall_one_cm":1374,"minecraft:fly_one_cm":10827},"minecraft:picked_up":{"minecraft:wheat_seeds":2},"minecraft:dropped":{"minecraft:wheat_seeds":2}},"DataVersion":3465}