{"stats":{"minecraft:custom":{"minecraft:jump":35,"minecraft:time_since_rest":1958,"minecraft:leave_game":1,"minecraft:damage_taken":40,"minecraft:sprint_one_cm":5433,"minecraft:play_time":1958,"minecraft:walk_on_water_one_cm":249,"minecraft:time_since_death":1958,"minecraft:walk_one_cm":1230,"minecraft:total_world_time":1958,"minecraft:drop":1,"minecraft:fall_one_cm":1904,"minecraft:fly_one_cm":8119},"minecraft:picked_up":{"minecraft:jungle_sapling":1,"minecraft:sweet_berries":5},"minecraft:dropped":{"minecraft:jungle_sapling":1},"minecraft:used":{"minecraft:sweet_berries":5},"minecraft:mined":{"minecraft:grass":3,"minecraft:sweet_berry_bush":2,"minecraft:jungle_sapling":1}},"DataVersion":3465}